start_time,end_time,data_source,regressor_name,num_samples,num_skipped,reaction_count_mean,reaction_count_stdev,feature_generator,num_features,error,baseline
Wed Jun 14 15:42:04 2017,Wed Jun 14 15:43:41 2017,bild,Ridge,8448,69,1570.1340847716333,3755.251219845567,text_tfidf_bow_1000,1000,0.10205385348302601,0.13840912613564332
Wed Jun 14 15:45:16 2017,Wed Jun 14 15:46:31 2017,ihre.sz,Ridge,4396,636,434.4431637519873,1405.7378793499317,text_tfidf_bow_1000,1000,0.1133395468045566,0.1319280811517611
Wed Jun 14 15:45:23 2017,Wed Jun 14 15:47:54 2017,spiegelonline,Ridge,7077,951,593.2968360737419,1400.074937735264,text_tfidf_bow_1000,1000,0.11034207180497238,0.13520643405185795
Wed Jun 14 15:49:59 2017,Wed Jun 14 15:50:34 2017,foxnews,Ridge,4153,29,14305.739359158297,28023.278242243807,text_tfidf_bow_1000,1000,0.1220961829954289,0.13785265698058774
Wed Jun 14 15:50:39 2017,Wed Jun 14 15:52:40 2017,theguardian,Ridge,7399,91,1611.1026702269694,4009.2588595679354,text_tfidf_bow_1000,1000,0.08048215643076319,0.10018570707472796
Wed Jun 14 15:52:44 2017,Wed Jun 14 15:53:46 2017,nytimes,Ridge,3030,189,3450.860205032619,7934.973970003166,text_tfidf_bow_1000,1000,0.09710226463595892,0.12018485462975491
